step,loss_before,loss_after,grad_norm,parameter_delta
1,14.609219551086426,11.95890998840332,7.461833896014124,0.37309171403415564
2,11.95890998840332,9.792662620544434,6.745773754029559,0.33728867329490037
3,9.792662620544434,8.021415710449219,6.099562196185718,0.30497811572589895
4,8.021415710449219,6.572621822357178,5.516252973647778,0.27581266160651363
5,6.572621822357178,5.3871612548828125,4.989607477096514,0.24948035493759685
6,5.3871612548828125,4.416839122772217,4.514018990850663,0.2257009265793582
7,4.416839122772217,3.622347116470337,4.084447665688174,0.20422238884231747
8,3.622347116470337,2.971611261367798,3.6963606712832693,0.18481800401594742
9,2.971611261367798,2.438450813293457,3.345681198769789,0.1672840744622143
10,2.438450813293457,2.0014889240264893,3.0287404831419145,0.15143703648764498
11,2.0014889240264893,1.6432595252990723,2.7422386094028117,0.13711197876427747
12,1.6432595252990723,1.3494913578033447,2.483203275739645,0.12416019465350016
13,1.3494913578033447,1.1085163354873657,2.248958174255092,0.11244796018179895
14,1.1085163354873657,0.910792887210846,2.0370936260547254,0.10185456491555757
15,0.910792887210846,0.7485135793685913,1.8454380834097106,0.09227183554272887
16,0.7485135793685913,0.6152898073196411,1.6720345879975853,0.08360172270195897
17,0.6152898073196411,0.5058916211128235,1.5151189470493602,0.07575588580699606
18,0.5058916211128235,0.4160355031490326,1.373100800628712,0.06865507770465962
19,0.4160355031490326,0.34221282601356506,1.244545934941304,0.06222739293458191
20,0.34221282601356506,0.28154850006103516,1.1281602433952551,0.05640810195566994
21,0.28154850006103516,0.23168568313121796,1.0227768454614934,0.051138943165502895
22,0.23168568313121796,0.1906919926404953,0.9273416832480663,0.046367100438220635
23,0.1906919926404953,0.1569824516773224,0.8409038418030756,0.042045282031523475
24,0.1569824516773224,0.12925684452056885,0.7626045578458551,0.03813028180233226
25,0.12925684452056885,0.10644838958978653,0.6916682345064233,0.034583300745125514
26,0.10644838958978653,0.08768084645271301,0.6273947850581247,0.031369820794302346
27,0.08768084645271301,0.07223554700613022,0.5691502613490245,0.02845746844394969
28,0.07223554700613022,0.05952175334095955,0.5163638121297429,0.025818280854817462
29,0.05952175334095955,0.049054451286792755,0.46851788973010455,0.02342585658460883
30,0.049054451286792755,0.040435001254081726,0.4251453206870163,0.02125731896461395
31,0.040435001254081726,0.03333599492907524,0.38582326785364723,0.019291222505710772
32,0.03333599492907524,0.027488095685839653,0.3501701692213072,0.017508578018524755
33,0.027488095685839653,0.02266998402774334,0.31783997548926074,0.015892064920440242
34,0.02266998402774334,0.0186996478587389,0.2885201608465013,0.014426000986272438
35,0.0186996478587389,0.01542730163782835,0.2619280538655076,0.013096423515991433
36,0.01542730163782835,0.012729830108582973,0.2378071432177655,0.011890262297478084
37,0.012729830108582973,0.010505830869078636,0.21592625222951045,0.010796261781879833
38,0.010505830869078636,0.00867187138646841,0.19607527855298754,0.009803677857166173
39,0.00867187138646841,0.007159304805099964,0.17806413733796386,0.008903134060702745
40,0.007159304805099964,0.00591159937903285,0.16172102578722586,0.008086026872819662
41,0.00591159937903285,0.004882195498794317,0.14689021317087775,0.0073444877926967375
42,0.004882195498794317,0.004032783675938845,0.13343048946370337,0.006671476411679383
43,0.004032783675938845,0.003331734100356698,0.12121450648215241,0.006060764432825518
44,0.003331734100356698,0.002753069857135415,0.11012578808942121,0.005506313066391818
45,0.002753069857135415,0.0022753356024622917,0.10006014132545489,0.005002980235872308
46,0.0022753356024622917,0.0018808618187904358,0.09092225005531294,0.0045460245986073435
47,0.0018808618187904358,0.0015550674870610237,0.08262601484267093,0.004131303324460563
48,0.0015550674870610237,0.0012859732378274202,0.07509303026002255,0.0037546247917485814
49,0.0012859732378274202,0.001063646050170064,0.06825316599650938,0.003412629631629767
50,0.001063646050170064,0.0008799302158877254,0.062041479904509776,0.003102187480838731
51,0.0008799302158877254,0.0007281137513928115,0.05639993901632877,0.0028199648828482983
52,0.0007281137513928115,0.0006026155897416174,0.05127663506384812,0.0025638281902660375
53,0.0006026155897416174,0.0004988579894416034,0.04662285762307953,0.002331181704139914
54,0.0004988579894416034,0.00041306333150714636,0.042395478112112805,0.0021197484132866283
55,0.00041306333150714636,0.000342096493113786,0.03855533001580778,0.0019278762482397812
56,0.000342096493113786,0.0002833953476510942,0.03506610948857848,0.00175331633047207
57,0.0002833953476510942,0.00023482511460315436,0.03189619786401464,0.001594739896065231
58,0.00023482511460315436,0.00019462914497125894,0.029015901778023618,0.001450813585094137
59,0.00019462914497125894,0.00016135080659296364,0.02639856185514949,0.001320032190126238
60,0.00016135080659296364,0.00013380081509239972,0.02401954864545273,0.0012010871967535707
61,0.00013380081509239972,0.00011098593677161261,0.021857582785489646,0.0010929388782038103
62,0.00011098593677161261,9.208929986925796e-05,0.01989253343668194,0.0009945762552363074
63,9.208929986925796e-05,7.643199933227152e-05,0.01810646227912248,0.0009054138675636321
64,7.643199933227152e-05,6.345480505842716e-05,0.016482722773726918,0.0008242281358775354
65,6.345480505842716e-05,5.269916437100619e-05,0.015006328801066227,0.0007502350997443587
66,5.269916437100619e-05,4.378266021376476e-05,0.013664150224392177,0.0006831331893008857
67,4.378266021376476e-05,3.638526686700061e-05,0.012443980426203522,0.0006221720118352089
68,3.638526686700061e-05,3.0247556424001232e-05,0.011334058557660199,0.0005668163545259842
69,3.0247556424001232e-05,2.515344021958299e-05,0.010324537522648964,0.0005163352218435564
70,2.515344021958299e-05,2.092651993734762e-05,0.00940617994767862,0.0004702157538149573
71,2.092651993734762e-05,1.7416265109204687e-05,0.008571143342654899,0.0004286418040478799
72,1.7416265109204687e-05,1.4500005818263162e-05,0.007811393277561302,0.00039065450307587213
73,1.4500005818263162e-05,1.2076917300873902e-05,0.007120068418509737,0.00035598565089703805
74,1.2076917300873902e-05,1.0063113222713582e-05,0.006490975463946601,0.00032459759234834305
75,1.0063113222713582e-05,8.388262358494103e-06,0.005918583848633829,0.0002960117542710086
76,8.388262358494103e-06,6.995288913458353e-06,0.005397499294482639,0.0002699699742668634
77,6.995288913458353e-06,5.836045602336526e-06,0.004923226271977939,0.0002461982551140678
78,5.836045602336526e-06,4.8720194172346964e-06,0.004491376767735272,0.0002244768868255286
79,4.8720194172346964e-06,4.068845555593725e-06,0.004098625161092752,0.00020497752442020378
80,4.068845555593725e-06,3.3996095680777216e-06,0.003740813140951496,0.00018702323880740094
81,3.3996095680777216e-06,2.8415993256203365e-06,0.003414848026679931,0.00017081738656394337
82,2.8415993256203365e-06,2.3766260710544884e-06,0.0031178305980204125,0.00015589896507549528
83,2.3766260710544884e-06,1.9884512312273728e-06,0.0028474318525012515,0.00014245847088028158
84,1.9884512312273728e-06,1.6648156133669545e-06,0.00260084077323661,0.00013005478078028282
85,1.6648156133669545e-06,1.3945544878879446e-06,0.0023763481298780184,0.00011886592304622559
86,1.3945544878879446e-06,1.1691173540384625e-06,0.0021716935694808424,0.00010848466175950512
87,1.1691173540384625e-06,9.802880640563671e-07,0.0019854182131581652,9.930300181690849e-05
88,9.802880640563671e-07,8.22605102257512e-07,0.0018152130904591458,9.087503666150968e-05
89,8.22605102257512e-07,6.904501219651138e-07,0.0016602045361476983,8.29844797271455e-05
90,6.904501219651138e-07,5.80082939904969e-07,0.0015185651083499598,7.601253944926253e-05
91,5.80082939904969e-07,4.878551749243343e-07,0.0013896309256442448,6.93694171733979e-05
92,4.878551749243343e-07,4.100899957393267e-07,0.001272269781116407,6.369308526727154e-05
93,4.100899957393267e-07,3.451831958045659e-07,0.001164458734572702,5.82855410513795e-05
94,3.451831958045659e-07,2.906773204358615e-07,0.0010665453176578507,5.331681286245595e-05
95,2.906773204358615e-07,2.4497609274476417e-07,0.0009769999417372289,4.8888018873968845e-05
96,2.4497609274476417e-07,2.0649048337872955e-07,0.0008953491899935189,4.472296012347923e-05
97,2.0649048337872955e-07,1.7431295873393537e-07,0.0008205518814241306,4.0971863864711404e-05
98,1.7431295873393537e-07,1.4721108243520575e-07,0.0007525476360603592,3.75302954418422e-05
99,1.4721108243520575e-07,1.2432002449713764e-07,0.0006903050015083341,3.456659590750302e-05
100,1.2432002449713764e-07,1.0516438209151602e-07,0.0006331817945597289,3.161811517951427e-05
101,1.0516438209151602e-07,8.892030933793649e-08,0.0005812940567586203,2.913358032109909e-05
102,8.892030933793649e-08,7.524555911686548e-08,0.0005335007901532882,2.666668442321107e-05
103,7.524555911686548e-08,6.37604671283043e-08,0.0004898394561748561,2.4513691901985136e-05
104,6.37604671283043e-08,5.404325520430575e-08,0.0004500959573135032,2.2515176262120727e-05
105,5.404325520430575e-08,4.579749912636544e-08,0.00041362176443920245,2.07527760965272e-05
106,4.579749912636544e-08,3.888496280524123e-08,0.00038001661231527964,1.899219489935105e-05
107,3.888496280524123e-08,3.299862072481119e-08,0.000349501693003988,1.7547672209412763e-05
108,3.299862072481119e-08,2.804492282848514e-08,0.00032136013894496434,1.6022483534350845e-05
109,2.804492282848514e-08,2.382980213155861e-08,0.0002956910568880768,1.4808965618120536e-05
110,2.382980213155861e-08,2.0282371337998484e-08,0.0002720478260680202,1.3608668511228881e-05
111,2.0282371337998484e-08,1.7256175155466735e-08,0.0002505590615482176,1.2532434680703161e-05
112,1.7256175155466735e-08,1.4698485983899445e-08,0.0002306583433220225,1.1553465209186914e-05
113,1.4698485983899445e-08,1.2542576754981383e-08,0.00021247424104336185,1.0578271254849697e-05
114,1.2542576754981383e-08,1.0694529706256617e-08,0.00019593531711648083,9.824646453655766e-06
115,1.0694529706256617e-08,9.117741228692466e-09,0.0001806211162526989,9.07264146895097e-06
116,9.117741228692466e-09,7.78638753473615e-09,0.00016648360005143214,8.325042849501747e-06
117,7.78638753473615e-09,6.641211136582115e-09,0.00015359105661520603,7.787934766321695e-06
118,6.641211136582115e-09,5.682907922022196e-09,0.0001416047771855142,7.042686679793003e-06
119,5.682907922022196e-09,4.862636071578663e-09,0.000130768342523237,6.5086525415032855e-06
120,4.862636071578663e-09,4.1703751563204605e-09,0.00012077547719102042,5.975049770358925e-06
121,4.1703751563204605e-09,3.5679770249430476e-09,0.00011165328716049522,5.561148494147442e-06
122,3.5679770249430476e-09,3.0489313296300224e-09,0.00010314706940414715,5.234360313439405e-06
123,3.0489313296300224e-09,2.6185893453600784e-09,9.517596907381663e-05,4.702727150338739e-06
124,2.6185893453600784e-09,2.240145402510052e-09,8.807643852003096e-05,4.49886761620371e-06
125,2.240145402510052e-09,1.927370707477394e-09,8.13407930449692e-05,3.9698662293783934e-06
126,1.927370707477394e-09,1.6626366949878957e-09,7.535315257646658e-05,3.641253554654423e-06
127,1.6626366949878957e-09,1.4309130547118798e-09,6.987963092738473e-05,3.4405874466089753e-06
128,1.4309130547118798e-09,1.23612775571047e-09,6.476838619744737e-05,3.1137366024515574e-06
129,1.23612775571047e-09,1.0725264010247315e-09,6.009621232513165e-05,2.915757848891022e-06
130,1.0725264010247315e-09,9.134325518189712e-10,5.5926246761473525e-05,2.915757848891022e-06
131,9.134325518189712e-10,7.850745609161436e-10,5.1564911344837584e-05,2.5850830605270197e-06
132,7.850745609161436e-10,6.754904413597274e-10,4.772230599944192e-05,2.3908819103397823e-06
133,6.754904413597274e-10,5.776462641549074e-10,4.4233519257020365e-05,2.2563330210146547e-06
134,5.776462641549074e-10,4.98766361545222e-10,4.082923078648239e-05,2.0587344216311625e-06
135,4.98766361545222e-10,4.287286081705588e-10,3.789035670370884e-05,1.8706744702428836e-06
136,4.287286081705588e-10,3.7088332405232904e-10,3.510270973498422e-05,1.7285346984863281e-06
137,3.7088332405232904e-10,3.2153113505017927e-10,3.2610452504491215e-05,1.5370603750023397e-06
138,3.2153113505017927e-10,2.7803759294897645e-10,3.0313952549696007e-05,1.5370603750023397e-06
139,2.7803759294897645e-10,2.352620320777987e-10,2.819303734260567e-05,1.5370603750023397e-06
140,2.352620320777987e-10,2.06723971274414e-10,2.588623894049031e-05,1.1980385328675377e-06
141,2.06723971274414e-10,1.7738832625013856e-10,2.424478685844724e-05,1.1980385328675377e-06
142,1.7738832625013856e-10,1.5227863414679632e-10,2.2446870776847612e-05,1.1980385328675377e-06
143,1.5227863414679632e-10,1.3062395609608757e-10,2.075964939564056e-05,1.018524616398517e-06
144,1.3062395609608757e-10,1.1405587585500143e-10,1.9209167463506358e-05,1.018524616398517e-06
145,1.1405587585500143e-10,9.740730444462997e-11,1.7948278552603582e-05,8.678567277527473e-07
146,9.740730444462997e-11,8.399669848557778e-11,1.6544452923191485e-05,8.678567277527473e-07
147,8.399669848557778e-11,7.457012785039296e-11,1.534759743979194e-05,6.848052318737541e-07
148,7.457012785039296e-11,6.5625282985593e-11,1.4439856637037356e-05,6.848052318737541e-07
149,6.5625282985593e-11,5.512512668559566e-11,1.3550037173294252e-05,6.848052318737541e-07
150,5.512512668559566e-11,4.712175094567783e-11,1.2410971659640673e-05,6.848052318737541e-07
151,4.712175094567783e-11,4.069766745828929e-11,1.1477433808560082e-05,6.848052318737541e-07
152,4.069766745828929e-11,3.55505624938246e-11,1.066092562319484e-05,5.462855929083633e-07
153,3.55505624938246e-11,3.0752622670604524e-11,9.942025826125363e-06,3.5762786865234375e-07
154,3.0752622670604524e-11,2.80082623760336e-11,9.239203238896543e-06,3.4240261593687705e-07
155,2.80082623760336e-11,2.5177970819356688e-11,8.819546695716527e-06,3.4240261593687705e-07
156,2.5177970819356688e-11,2.238798035847367e-11,8.355677491903306e-06,3.4240261593687705e-07
157,2.238798035847367e-11,2.007150001759328e-11,7.869159708723826e-06,3.4240261593687705e-07
158,2.007150001759328e-11,1.7395973550549115e-11,7.4403690977160266e-06,3.4240261593687705e-07
159,1.7395973550549115e-11,1.5225487537406934e-11,6.912276399758776e-06,3.4240261593687705e-07
160,1.5225487537406934e-11,1.2945644556339175e-11,6.476405934068127e-06,3.4240261593687705e-07
161,1.2945644556339175e-11,1.1055045767704996e-11,5.964931987491493e-06,3.4240261593687705e-07
162,1.1055045767704996e-11,9.173106718662893e-12,5.506766029172815e-06,3.4240261593687705e-07
163,9.173106718662893e-12,7.559286530067766e-12,5.004817468284167e-06,3.4240261593687705e-07
164,7.559286530067766e-12,6.362466109521847e-12,4.5412942779804495e-06,3.4240261593687705e-07
165,6.362466109521847e-12,4.917399820669743e-12,4.162442658588359e-06,3.4240261593687705e-07
166,4.917399820669743e-12,4.324207658612522e-12,3.6463794350855965e-06,2.457562461863554e-07
167,4.324207658612522e-12,3.784972335552084e-12,3.4265931913898633e-06,2.457562461863554e-07
168,3.784972335552084e-12,3.6557423754857155e-12,3.220835289183375e-06,5.960464477539063e-08
169,3.6557423754857155e-12,3.446576357646336e-12,3.1739713824339424e-06,5.960464477539063e-08
170,3.446576357646336e-12,3.5127456499139953e-12,3.0753403815769267e-06,5.960464477539063e-08
171,3.5127456499139953e-12,3.5127456499139953e-12,3.116923645050689e-06,0.0
172,3.5127456499139953e-12,3.5127456499139953e-12,3.116923645050689e-06,0.0
173,3.5127456499139953e-12,3.5127456499139953e-12,3.116923645050689e-06,0.0
174,3.5127456499139953e-12,3.5127456499139953e-12,3.116923645050689e-06,0.0
175,3.5127456499139953e-12,3.5127456499139953e-12,3.116923645050689e-06,0.0
176,3.5127456499139953e-12,3.5127456499139953e-12,3.116923645050689e-06,0.0
177,3.5127456499139953e-12,3.5127456499139953e-12,3.116923645050689e-06,0.0
178,3.5127456499139953e-12,3.5127456499139953e-12,3.116923645050689e-06,0.0
179,3.5127456499139953e-12,3.5127456499139953e-12,3.116923645050689e-06,0.0
180,3.5127456499139953e-12,3.5127456499139953e-12,3.116923645050689e-06,0.0
181,3.5127456499139953e-12,3.5127456499139953e-12,3.116923645050689e-06,0.0
182,3.5127456499139953e-12,3.5127456499139953e-12,3.116923645050689e-06,0.0
183,3.5127456499139953e-12,3.5127456499139953e-12,3.116923645050689e-06,0.0
184,3.5127456499139953e-12,3.5127456499139953e-12,3.116923645050689e-06,0.0
185,3.5127456499139953e-12,3.5127456499139953e-12,3.116923645050689e-06,0.0
186,3.5127456499139953e-12,3.5127456499139953e-12,3.116923645050689e-06,0.0
187,3.5127456499139953e-12,3.5127456499139953e-12,3.116923645050689e-06,0.0
188,3.5127456499139953e-12,3.5127456499139953e-12,3.116923645050689e-06,0.0
189,3.5127456499139953e-12,3.5127456499139953e-12,3.116923645050689e-06,0.0
190,3.5127456499139953e-12,3.5127456499139953e-12,3.116923645050689e-06,0.0
191,3.5127456499139953e-12,3.5127456499139953e-12,3.116923645050689e-06,0.0
192,3.5127456499139953e-12,3.5127456499139953e-12,3.116923645050689e-06,0.0
193,3.5127456499139953e-12,3.5127456499139953e-12,3.116923645050689e-06,0.0
194,3.5127456499139953e-12,3.5127456499139953e-12,3.116923645050689e-06,0.0
195,3.5127456499139953e-12,3.5127456499139953e-12,3.116923645050689e-06,0.0
196,3.5127456499139953e-12,3.5127456499139953e-12,3.116923645050689e-06,0.0
197,3.5127456499139953e-12,3.5127456499139953e-12,3.116923645050689e-06,0.0
198,3.5127456499139953e-12,3.5127456499139953e-12,3.116923645050689e-06,0.0
199,3.5127456499139953e-12,3.5127456499139953e-12,3.116923645050689e-06,0.0
200,3.5127456499139953e-12,3.5127456499139953e-12,3.116923645050689e-06,0.0
